Date, Close/Last, Volume, Open, High, Low
11/27/2019,1312.99,996329,1315.00,1318.36,1309.63
11/26/2019,1313.55,1069795,1309.86,1314.80,1305.09
11/25/2019,1306.69,1036487,1299.18,1311.31,1298.13
11/22/2019,1295.34,1386506,1305.62,1308.73,1291.41
11/21/2019,1301.35,995499,1301.48,1312.59,1293.00
11/20/2019,1303.05,1309835,1311.74,1315.00,1291.15
11/19/2019,1315.46,1269372,1327.70,1327.70,1312.80
11/18/2019,1320.70,1488083,1332.22,1335.53,1317.50
11/15/2019,1334.87,1782955,1318.94,1334.88,1314.28
11/14/2019,1311.46,1194305,1297.50,1317.00,1295.65
11/13/2019,1298.00,853861,1294.07,1304.30,1293.51
11/12/2019,1298.80,1085859,1300.00,1310.00,1295.77
11/11/2019,1299.19,1012429,1303.18,1306.43,1297.41
11/8/2019,1311.37,1251916,1305.28,1318.00,1304.37
11/7/2019,1308.86,2029970,1294.28,1323.74,1294.25
11/6/2019,1291.80,1152977,1289.46,1293.73,1282.50
11/5/2019,1292.03,1282711,1292.89,1298.93,1291.23
11/4/2019,1291.37,1500964,1276.45,1294.13,1276.36
11/1/2019,1273.74,1670072,1265.00,1274.62,1260.50
10/31/2019,1260.11,1455651,1261.28,1267.67,1250.84
10/30/2019,1261.29,1408851,1252.97,1269.36,1252.00
10/29/2019,1262.62,1886380,1276.23,1281.59,1257.21
10/28/2019,1290.00,2613237,1275.45,1299.31,1272.54
10/25/2019,1265.13,1213051,1251.03,1269.60,1250.01
10/24/2019,1260.99,1039868,1260.90,1264.00,1253.72
10/23/2019,1259.13,928595,1242.36,1259.89,1242.36
10/22/2019,1242.80,1047851,1247.85,1250.60,1241.38
10/21/2019,1246.15,1038042,1252.26,1254.63,1240.60
10/18/2019,1245.49,1352839,1253.46,1258.89,1241.08
10/17/2019,1253.07,980510,1250.93,1263.33,1249.94
10/16/2019,1243.64,1168174,1241.17,1254.74,1238.45
10/15/2019,1243.01,1395259,1220.40,1247.33,1220.40
10/14/2019,1217.14,882039,1212.34,1226.33,1211.76
10/11/2019,1215.45,1277144,1222.21,1228.39,1213.74
10/10/2019,1208.67,932531,1198.58,1215.00,1197.34
10/9/2019,1202.31,876632,1199.35,1208.35,1197.63
10/8/2019,1189.13,1141784,1197.59,1206.08,1189.01
10/7/2019,1207.68,867149,1204.40,1218.20,1203.75
10/4/2019,1209.00,1183264,1191.89,1211.44,1189.17
10/3/2019,1187.83,1663656,1180.00,1189.06,1162.43
10/2/2019,1176.63,1639237,1196.98,1196.99,1171.29
10/1/2019,1205.10,1358279,1219.00,1231.23,1203.58
9/30/2019,1219.00,1419676,1220.97,1226.00,1212.30
9/27/2019,1225.09,1354432,1243.01,1244.02,1214.45
9/26/2019,1241.39,1561882,1241.96,1245.00,1232.27
9/25/2019,1246.52,1593875,1215.82,1248.30,1210.09
9/24/2019,1218.76,1591786,1240.00,1246.74,1210.68
9/23/2019,1234.03,1075253,1226.00,1239.09,1224.17
9/20/2019,1229.93,2337269,1233.12,1243.32,1223.08
9/19/2019,1238.71,1000155,1232.06,1244.44,1232.02
9/18/2019,1232.41,1144333,1227.51,1235.61,1216.53
9/17/2019,1229.15,958112,1230.40,1235.00,1223.69
9/16/2019,1231.30,1053299,1229.52,1239.56,1225.61
9/13/2019,1239.56,1301350,1231.35,1240.88,1227.01
9/12/2019,1234.25,1725908,1224.30,1241.86,1223.02
9/11/2019,1220.17,1307033,1203.41,1222.60,1202.20
9/10/2019,1206.00,1260115,1195.15,1210.00,1194.58
9/9/2019,1204.41,1471880,1204.00,1220.00,1192.62
9/6/2019,1204.93,1072143,1208.13,1212.02,1202.52
9/5/2019,1211.38,1408601,1191.53,1213.04,1191.53
9/4/2019,1181.41,1068968,1176.71,1183.48,1171.00
9/3/2019,1168.39,1480420,1177.03,1186.89,1163.20
8/30/2019,1188.10,1129959,1198.50,1198.50,1183.80
8/29/2019,1192.85,1088858,1181.12,1196.06,1181.12
8/28/2019,1171.02,802243,1161.71,1176.42,1157.30
8/27/2019,1167.84,1077452,1180.53,1182.40,1161.45
8/26/2019,1168.89,1226441,1157.26,1169.47,1152.96
8/23/2019,1151.29,1688271,1181.99,1194.08,1147.75
8/22/2019,1189.53,947906,1194.07,1198.01,1178.58
8/21/2019,1191.25,741053,1193.15,1199.00,1187.43
8/20/2019,1182.69,915605,1195.25,1196.06,1182.11
8/19/2019,1198.45,1232517,1190.09,1206.99,1190.09
8/16/2019,1177.60,1349436,1179.55,1182.72,1171.81
8/15/2019,1167.26,1224739,1163.50,1175.84,1162.11
8/14/2019,1164.29,1578668,1176.31,1182.30,1160.54
8/13/2019,1197.27,1318009,1171.46,1204.78,1171.46
8/12/2019,1174.71,1003187,1179.21,1184.96,1167.67
8/9/2019,1188.01,1065658,1197.99,1203.88,1183.60
8/8/2019,1204.80,1467997,1182.83,1205.01,1173.02
8/7/2019,1173.99,1444324,1156.00,1178.45,1149.62
8/6/2019,1169.95,1709374,1163.31,1179.96,1160.00
8/5/2019,1152.32,2597455,1170.04,1175.24,1140.14
8/2/2019,1193.99,1645067,1200.74,1206.90,1188.94
8/1/2019,1209.01,1698510,1214.03,1234.11,1205.72
7/31/2019,1216.68,1725454,1223.00,1234.00,1207.76
7/30/2019,1225.14,1453263,1225.41,1234.87,1223.30
7/29/2019,1239.41,2223731,1241.05,1247.37,1228.23
7/26/2019,1250.41,4805752,1224.04,1265.55,1224.00
7/25/2019,1132.12,2209823,1137.82,1141.70,1120.92
7/24/2019,1137.81,1590101,1131.90,1144.00,1126.99
7/23/2019,1146.21,1093688,1144.00,1146.90,1131.80
7/22/2019,1138.07,1301846,1133.45,1139.25,1124.24
7/19/2019,1130.10,1647245,1148.19,1151.14,1129.62
7/18/2019,1146.33,1291281,1141.74,1147.61,1132.73
7/17/2019,1146.35,1170047,1150.97,1158.36,1145.77
7/16/2019,1153.58,1238807,1146.00,1158.58,1145.00
7/15/2019,1150.34,903780,1146.86,1150.82,1139.40
7/12/2019,1144.90,863973,1143.99,1147.34,1138.78
7/11/2019,1144.21,1195569,1143.25,1153.07,1139.58
7/10/2019,1140.48,1209466,1131.22,1142.05,1130.97
7/9/2019,1124.83,1330370,1111.80,1128.03,1107.17
7/8/2019,1116.35,1236419,1125.17,1125.98,1111.21
7/5/2019,1131.59,1264540,1117.80,1132.88,1116.14
7/3/2019,1121.58,767011,1117.41,1126.76,1113.86
7/2/2019,1111.25,991755,1102.24,1111.77,1098.17
7/1/2019,1097.95,1438504,1098.00,1107.58,1093.70
6/28/2019,1080.91,1693450,1076.39,1081.00,1073.37
6/27/2019,1076.01,1004477,1084.00,1087.10,1075.29
6/26/2019,1079.80,1810869,1086.50,1092.97,1072.24
6/25/2019,1086.35,1546913,1112.66,1114.35,1083.80
6/24/2019,1115.52,1395696,1119.61,1122.00,1111.01
6/21/2019,1121.88,1947591,1109.24,1124.11,1108.08
6/20/2019,1111.42,1262011,1119.99,1120.12,1104.74
6/19/2019,1102.33,1339218,1105.60,1107.00,1093.48
6/18/2019,1103.60,1386684,1109.69,1116.39,1098.99
6/17/2019,1092.50,941602,1086.28,1099.18,1086.28
6/14/2019,1085.35,1111643,1086.42,1092.69,1080.17
6/13/2019,1088.77,1058000,1083.64,1094.17,1080.15
6/12/2019,1077.03,1061255,1078.00,1080.93,1067.54
6/11/2019,1078.72,1437063,1093.98,1101.99,1077.60
6/10/2019,1080.38,1464248,1072.98,1092.66,1072.32
6/7/2019,1066.04,1802370,1050.63,1070.92,1048.40
6/6/2019,1044.34,1703244,1044.99,1047.49,1033.70
6/5/2019,1042.22,2168439,1051.54,1053.55,1030.49
6/4/2019,1053.05,2833483,1042.90,1056.05,1033.69
6/3/2019,1036.23,5130576,1065.50,1065.50,1025.00
5/31/2019,1103.63,1508203,1101.29,1109.60,1100.18
5/30/2019,1117.95,951873,1115.54,1123.13,1112.12
5/29/2019,1116.46,1538212,1127.52,1129.10,1108.22
5/28/2019,1134.15,1365166,1134.00,1151.59,1133.12
5/24/2019,1133.47,1112341,1147.36,1149.77,1131.66
5/23/2019,1140.77,1199300,1140.50,1145.97,1129.22
5/22/2019,1151.42,914839,1146.75,1158.52,1145.89
5/21/2019,1149.63,1160158,1148.49,1152.71,1137.94
5/20/2019,1138.85,1353292,1144.50,1146.80,1131.44
5/17/2019,1162.30,1208623,1168.47,1180.15,1160.01
5/16/2019,1178.98,1531404,1164.51,1188.16,1162.84
5/15/2019,1164.21,2289302,1117.87,1171.33,1116.67
5/14/2019,1120.44,1836604,1137.21,1140.42,1119.55
5/13/2019,1132.03,1860648,1141.96,1147.94,1122.11
5/10/2019,1164.27,1314546,1163.59,1172.60,1142.50
5/9/2019,1162.38,1185973,1159.03,1169.66,1150.85
5/8/2019,1166.27,1309514,1172.01,1180.42,1165.74
5/7/2019,1174.10,1551368,1180.47,1190.44,1161.04
5/6/2019,1189.39,1563943,1166.26,1190.85,1166.26
5/3/2019,1185.40,1980653,1173.65,1186.80,1169.00
5/2/2019,1162.61,1944817,1167.76,1174.19,1155.00
5/1/2019,1168.08,2642983,1188.05,1188.05,1167.18
4/30/2019,1188.48,6194691,1185.00,1192.81,1175.00
4/29/2019,1287.58,2412788,1274.00,1289.27,1266.29
4/26/2019,1272.18,1228276,1269.00,1273.07,1260.32
4/25/2019,1263.45,1099614,1264.77,1267.41,1252.03
4/24/2019,1256.00,1015006,1264.12,1268.01,1255.00
4/23/2019,1264.55,1271195,1250.69,1269.00,1246.38
4/22/2019,1248.84,806577,1235.99,1249.09,1228.31
4/18/2019,1236.37,1315676,1239.18,1242.00,1234.61
4/17/2019,1236.34,1211866,1233.00,1240.56,1227.82
4/16/2019,1227.13,855258,1225.00,1230.82,1220.12
4/15/2019,1221.10,1187353,1218.00,1224.20,1209.11
4/12/2019,1217.87,926799,1210.00,1218.35,1208.11
4/11/2019,1204.62,709417,1203.96,1207.96,1200.13
4/10/2019,1202.16,724524,1200.68,1203.79,1196.44
4/9/2019,1197.25,865416,1196.00,1202.29,1193.08
4/8/2019,1203.84,859969,1207.89,1208.69,1199.86
4/5/2019,1207.15,900950,1214.99,1216.22,1205.03
4/4/2019,1215.00,949962,1205.94,1215.67,1204.13
4/3/2019,1205.92,1014195,1207.48,1216.30,1200.50
4/2/2019,1200.49,800820,1195.32,1201.35,1185.71
4/1/2019,1194.43,1188235,1184.10,1196.66,1182.00
3/29/2019,1173.31,1269573,1174.90,1178.99,1162.88
3/28/2019,1168.49,966843,1171.54,1171.57,1159.43
3/27/2019,1173.02,1362217,1185.50,1187.56,1159.37
3/26/2019,1184.62,1894639,1198.53,1202.83,1176.72
3/25/2019,1193.00,1493841,1196.93,1206.40,1187.04
3/22/2019,1205.50,1668910,1226.32,1230.00,1202.83
3/21/2019,1231.54,1195899,1216.00,1231.79,1213.15
3/20/2019,1223.97,2089367,1197.35,1227.14,1196.17
3/19/2019,1198.85,1404863,1188.81,1200.00,1185.87
3/18/2019,1184.26,1212506,1183.30,1190.00,1177.42
3/15/2019,1184.46,2457597,1193.38,1196.57,1182.61
3/14/2019,1185.55,1150950,1194.51,1197.88,1184.48
3/13/2019,1193.32,1434816,1200.65,1200.93,1191.94
3/12/2019,1193.20,2012306,1178.26,1200.00,1178.26
3/11/2019,1175.76,1569332,1144.45,1176.19,1144.45
3/8/2019,1142.32,1212271,1126.73,1147.08,1123.30
3/7/2019,1143.30,1166076,1155.72,1156.76,1134.91
3/6/2019,1157.86,1094100,1162.49,1167.57,1155.49
3/5/2019,1162.03,1422357,1150.06,1169.61,1146.20
3/4/2019,1147.80,1444774,1146.99,1158.28,1130.69
3/1/2019,1140.99,1447454,1124.90,1142.97,1124.75
2/28/2019,1119.92,1541068,1111.30,1127.65,1111.01
2/27/2019,1116.05,968362,1106.95,1117.98,1101.00
2/26/2019,1115.13,1469761,1105.75,1119.51,1099.92
2/25/2019,1109.40,1395281,1116.00,1118.54,1107.27
2/22/2019,1110.37,1048361,1100.90,1111.24,1095.60
2/21/2019,1096.97,1414744,1110.84,1111.94,1092.52
2/20/2019,1113.80,1080144,1119.99,1123.41,1105.28
2/19/2019,1118.56,1046315,1110.00,1121.89,1110.00
2/15/2019,1113.65,1442461,1130.08,1131.67,1110.65
2/14/2019,1121.67,941678,1118.05,1128.23,1110.45
2/13/2019,1120.16,1048630,1124.99,1134.73,1118.50
2/12/2019,1121.37,1608658,1106.80,1125.30,1105.85
2/11/2019,1095.01,1063825,1096.95,1105.95,1092.86
2/8/2019,1095.06,1072031,1087.00,1098.91,1086.55
2/7/2019,1098.71,2040615,1104.16,1104.84,1086.00
2/6/2019,1115.23,2101674,1139.57,1147.00,1112.77
2/5/2019,1145.99,3529974,1124.84,1146.85,1117.25
2/4/2019,1132.80,2518184,1112.66,1132.80,1109.02
2/1/2019,1110.75,1455609,1112.40,1125.00,1104.89
1/31/2019,1116.37,1531463,1103.00,1117.33,1095.41
1/30/2019,1089.06,1241760,1068.43,1091.00,1066.85
1/29/2019,1060.62,1006731,1072.68,1075.15,1055.86
1/28/2019,1070.08,1277745,1080.11,1083.00,1063.80
1/25/2019,1090.99,1114785,1085.00,1094.00,1081.82
1/24/2019,1073.90,1317718,1076.48,1079.48,1060.70
1/23/2019,1075.57,956526,1077.35,1084.93,1059.75
1/22/2019,1070.52,1607398,1088.00,1091.51,1063.47
1/18/2019,1098.26,1933754,1100.00,1108.35,1090.90
1/17/2019,1089.90,1223674,1079.47,1091.80,1073.50
1/16/2019,1080.97,1320530,1080.00,1092.38,1079.34
1/15/2019,1077.15,1452238,1050.17,1080.05,1047.34
1/14/2019,1044.69,1127417,1046.92,1051.53,1041.26
1/11/2019,1057.19,1512651,1063.18,1063.78,1048.48
1/10/2019,1070.33,1444976,1067.66,1071.15,1057.71
1/9/2019,1074.66,1198369,1081.65,1082.63,1066.40
1/8/2019,1076.28,1748371,1076.11,1084.56,1060.53
1/7/2019,1068.39,1978077,1071.50,1074.00,1054.76
1/4/2019,1070.71,2080144,1032.59,1070.84,1027.42
1/3/2019,1016.06,1829379,1041.00,1056.98,1014.07
1/2/2019,1045.85,1516681,1016.57,1052.32,1015.71
12/31/2018,1035.61,1492541,1050.96,1052.70,1023.59
12/28/2018,1037.08,1399218,1049.62,1055.56,1033.10
12/27/2018,1043.88,2102069,1017.15,1043.89,997.00
12/26/2018,1039.46,2337212,989.01,1040.00,983.00
12/24/2018,976.22,1590328,973.90,1003.54,970.11
12/21/2018,979.54,4560424,1015.30,1024.02,973.69
12/20/2018,1009.41,2659047,1018.13,1034.22,996.36
12/19/2018,1023.01,2419322,1033.99,1062.00,1008.05
12/18/2018,1028.71,2101854,1026.09,1049.48,1021.44
12/17/2018,1016.53,2337631,1037.51,1053.15,1007.90
12/14/2018,1042.10,1685802,1049.98,1062.60,1040.79
12/13/2018,1061.90,1329198,1068.07,1079.76,1053.93
12/12/2018,1063.68,1523276,1068.00,1081.65,1062.79
12/11/2018,1051.75,1354751,1056.49,1060.60,1039.84
12/10/2018,1039.55,1793465,1035.05,1048.45,1023.29
12/7/2018,1036.58,2098526,1060.01,1075.26,1028.50
12/6/2018,1068.73,2758098,1034.26,1071.20,1030.77
12/4/2018,1050.82,2278200,1103.12,1104.42,1049.98
12/3/2018,1106.43,1900355,1123.14,1124.65,1103.66
11/30/2018,1094.43,2554416,1089.07,1095.57,1077.88
11/29/2018,1088.30,1403540,1076.08,1094.25,1076.00
11/28/2018,1086.23,2399374,1048.76,1086.84,1035.76
11/27/2018,1044.41,1801334,1041.00,1057.58,1038.49
11/26/2018,1048.62,1846430,1038.35,1049.31,1033.91
11/23/2018,1023.88,691462,1030.00,1037.59,1022.40
11/21/2018,1037.61,1531676,1036.76,1048.56,1033.47
11/20/2018,1025.76,2447254,1000.00,1031.74,996.02
11/19/2018,1020.00,1837207,1057.20,1060.79,1016.26
11/16/2018,1061.49,1641232,1059.41,1067.00,1048.98
11/15/2018,1064.71,1819132,1044.71,1071.85,1031.78
11/14/2018,1043.66,1561656,1050.00,1054.56,1031.00
11/13/2018,1036.05,1496534,1043.29,1056.61,1031.15
11/12/2018,1038.63,1429319,1061.39,1062.12,1031.00
11/9/2018,1066.15,1343154,1073.99,1075.56,1053.11
11/8/2018,1082.40,1463022,1091.38,1093.27,1072.20
11/7/2018,1093.39,2057155,1069.00,1095.46,1065.90
11/6/2018,1055.81,1225197,1039.48,1064.35,1038.07
11/5/2018,1040.09,2436742,1055.00,1058.47,1021.24
11/2/2018,1057.79,1829295,1073.73,1082.98,1054.61
11/1/2018,1070.00,1456222,1075.80,1083.98,1062.46
10/31/2018,1076.77,2528584,1059.81,1091.94,1057.00
10/30/2018,1036.21,3209126,1008.46,1037.49,1000.75
10/29/2018,1020.08,3873644,1082.47,1097.04,995.83
10/26/2018,1071.47,4185201,1037.03,1106.53,1034.09
10/25/2018,1095.57,2511884,1071.79,1110.98,1069.55
10/24/2018,1050.71,1910060,1104.25,1106.12,1048.74
10/23/2018,1103.69,1847798,1080.89,1107.89,1070.00
10/22/2018,1101.16,1494285,1103.06,1112.23,1091.00
10/19/2018,1096.46,1264605,1093.37,1110.36,1087.75
10/18/2018,1087.97,2056606,1121.84,1121.84,1077.09
10/17/2018,1115.69,1397613,1126.46,1128.99,1102.19
10/16/2018,1121.28,1845491,1104.59,1124.22,1102.50
10/15/2018,1092.25,1343231,1108.91,1113.45,1089.00
10/12/2018,1110.08,2029872,1108.00,1115.00,1086.40
10/11/2018,1079.32,2939514,1072.94,1106.40,1068.27
10/10/2018,1081.22,2574985,1131.08,1132.17,1081.13
10/9/2018,1138.82,1308706,1146.15,1154.35,1137.57
10/8/2018,1148.97,1877142,1150.11,1168.00,1127.36
10/5/2018,1157.35,1184245,1167.50,1173.50,1145.12
10/4/2018,1168.19,2151762,1195.33,1197.51,1155.58
10/3/2018,1202.95,1207280,1205.00,1206.41,1193.83
10/2/2018,1200.11,1655602,1190.96,1209.96,1186.63
10/1/2018,1195.31,1345250,1199.89,1209.90,1190.30
9/28/2018,1193.47,1306822,1191.87,1195.41,1184.50
9/27/2018,1194.64,1244278,1186.73,1202.10,1183.63
9/26/2018,1180.49,1346434,1185.15,1194.23,1174.77
9/25/2018,1184.65,937577,1176.15,1186.88,1168.00
9/24/2018,1173.37,1218532,1157.17,1178.00,1146.91
9/21/2018,1166.09,4363929,1192.00,1192.21,1166.04
9/20/2018,1186.87,1209855,1179.99,1189.89,1173.36
9/19/2018,1171.09,1185321,1164.98,1173.21,1154.58
9/18/2018,1161.22,1184407,1157.09,1176.08,1157.09
9/17/2018,1156.05,1279147,1170.14,1177.24,1154.03
9/14/2018,1172.53,934300,1179.10,1180.43,1168.33
9/13/2018,1175.33,1402005,1170.74,1178.61,1162.85
9/12/2018,1162.82,1291304,1172.72,1178.61,1158.36
9/11/2018,1177.36,1209171,1161.63,1178.68,1156.24
9/10/2018,1164.64,1115259,1172.19,1174.54,1160.11
9/7/2018,1164.83,1401034,1158.67,1175.26,1157.22
9/6/2018,1171.44,1886690,1186.30,1186.30,1152.00
9/5/2018,1186.48,2043732,1193.80,1199.01,1162.00
9/4/2018,1197.00,1800509,1204.27,1212.99,1192.50
8/31/2018,1218.19,1812366,1234.98,1238.66,1211.29
8/30/2018,1239.12,1320261,1244.23,1253.64,1232.59
8/29/2018,1249.30,1295939,1237.45,1250.66,1236.36
8/28/2018,1231.15,1296532,1241.29,1242.55,1228.69
8/27/2018,1241.82,1154962,1227.60,1243.09,1225.72
8/24/2018,1220.65,946529,1208.82,1221.65,1206.36
8/23/2018,1205.38,988509,1207.14,1221.28,1204.24
8/22/2018,1207.33,881463,1200.00,1211.84,1199.00
8/21/2018,1201.62,1187884,1208.00,1217.26,1200.35
8/20/2018,1207.77,864462,1205.02,1211.00,1194.63
8/17/2018,1200.96,1381724,1202.03,1209.02,1188.24
8/16/2018,1206.49,1319985,1224.73,1226.00,1202.55
8/15/2018,1214.38,1815642,1229.26,1235.24,1209.51
8/14/2018,1242.10,1342534,1235.19,1245.87,1225.11
8/13/2018,1235.01,957153,1236.98,1249.27,1233.64
8/10/2018,1237.61,1107323,1243.00,1245.70,1232.00
8/9/2018,1249.10,805227,1249.90,1255.54,1246.01
8/8/2018,1245.61,1369650,1240.47,1256.50,1238.01
8/7/2018,1242.22,1493073,1237.00,1251.17,1236.17
8/6/2018,1224.77,1080923,1225.00,1226.09,1215.80
8/3/2018,1223.71,1072524,1229.62,1230.00,1215.06
8/2/2018,1226.15,1520488,1205.90,1229.88,1204.79
8/1/2018,1220.01,1567142,1228.00,1233.47,1210.21
7/31/2018,1217.26,1632823,1220.01,1227.59,1205.60
7/30/2018,1219.74,1822782,1228.01,1234.92,1211.47
7/27/2018,1238.50,2115802,1271.00,1273.89,1231.00
7/26/2018,1268.33,2334881,1251.00,1269.77,1249.02
7/25/2018,1263.70,2115890,1239.13,1265.86,1239.13
7/24/2018,1248.08,3303268,1262.59,1266.00,1235.56
7/23/2018,1205.50,2584034,1181.01,1206.49,1181.00
7/20/2018,1184.91,1246898,1186.96,1196.86,1184.22
7/19/2018,1186.96,1256113,1191.00,1200.00,1183.32
7/18/2018,1195.88,1391232,1196.56,1204.50,1190.34
7/17/2018,1198.80,1585091,1172.22,1203.04,1170.60
7/16/2018,1183.86,1049560,1189.39,1191.00,1179.28
7/13/2018,1188.82,1221687,1185.00,1195.42,1180.00
7/12/2018,1183.48,1251083,1159.89,1184.41,1155.94
7/11/2018,1153.90,1094301,1144.59,1164.29,1141.00
7/10/2018,1152.84,789249,1156.98,1159.59,1149.59
7/9/2018,1154.05,906073,1148.48,1154.67,1143.42
7/6/2018,1140.17,966155,1123.58,1140.93,1120.74
7/5/2018,1124.27,1060752,1110.53,1127.50,1108.48
7/3/2018,1102.89,679034,1135.82,1135.82,1100.02
7/2/2018,1127.46,1188616,1099.00,1128.00,1093.80
6/29/2018,1115.65,1275979,1120.00,1128.23,1115.00
6/28/2018,1114.22,1072438,1102.09,1122.31,1096.01
6/27/2018,1103.98,1287698,1121.34,1131.84,1103.62
6/26/2018,1118.46,1559791,1128.00,1133.21,1116.66
6/25/2018,1124.81,2155276,1143.60,1143.91,1112.78
6/22/2018,1155.48,1310164,1159.14,1162.50,1147.26
6/21/2018,1157.66,1232352,1174.85,1177.30,1152.23
6/20/2018,1169.84,1648248,1175.31,1186.29,1169.16
6/19/2018,1168.06,1616125,1158.50,1171.27,1154.01
6/18/2018,1173.46,1400641,1143.65,1174.31,1143.59
6/15/2018,1152.26,2119134,1148.86,1153.42,1143.49
6/14/2018,1152.12,1350085,1143.85,1155.47,1140.64
6/13/2018,1134.79,1490017,1141.12,1146.50,1133.38
6/12/2018,1139.32,899231,1131.07,1139.79,1130.74
6/11/2018,1129.99,1071114,1118.60,1137.26,1118.60
6/8/2018,1120.87,1289859,1118.18,1126.67,1112.15
6/7/2018,1123.86,1519860,1131.32,1135.82,1116.52
6/6/2018,1136.88,1697489,1142.17,1143.00,1125.74
6/5/2018,1139.66,1538169,1140.99,1145.74,1133.19
6/4/2018,1139.29,1881046,1122.33,1141.89,1122.01
6/1/2018,1119.50,2416755,1099.35,1120.00,1098.50
5/31/2018,1084.99,3085325,1067.56,1097.19,1067.56
5/30/2018,1067.80,1129958,1063.03,1069.21,1056.83
5/29/2018,1060.32,1858676,1064.89,1073.37,1055.22
5/25/2018,1075.66,878903,1079.02,1082.56,1073.78
5/24/2018,1079.24,757752,1079.00,1080.47,1066.15
5/23/2018,1079.69,1057712,1065.13,1080.78,1061.71
5/22/2018,1069.73,1088700,1083.56,1086.59,1066.69
5/21/2018,1079.58,1012258,1074.06,1088.00,1073.65
5/18/2018,1066.36,1496448,1061.86,1069.94,1060.68
5/17/2018,1078.59,1031190,1079.89,1086.87,1073.50
5/16/2018,1081.77,989819,1077.31,1089.27,1076.26
5/15/2018,1079.23,1494306,1090.00,1090.05,1073.47
5/14/2018,1100.20,1450140,1100.00,1110.75,1099.11
5/11/2018,1098.26,1253205,1093.60,1101.33,1090.91
5/10/2018,1097.57,1441456,1086.03,1100.44,1085.64
5/9/2018,1082.76,2032319,1058.10,1085.44,1056.37
5/8/2018,1053.91,1217260,1058.54,1060.55,1047.15
5/7/2018,1054.79,1464008,1049.23,1061.68,1047.10
5/4/2018,1048.21,1936797,1016.90,1048.51,1016.90
5/3/2018,1023.72,1813623,1019.00,1029.68,1006.29
5/2/2018,1024.38,1534094,1028.10,1040.39,1022.87
5/1/2018,1037.31,1427171,1013.66,1038.47,1008.21
4/30/2018,1017.33,1664084,1030.01,1037.00,1016.85
4/27/2018,1030.05,1617452,1046.00,1049.50,1025.59
4/26/2018,1040.04,1984448,1029.51,1047.98,1018.19
4/25/2018,1021.18,2225495,1025.52,1032.49,1015.31
4/24/2018,1019.98,4750851,1052.00,1057.00,1010.59
4/23/2018,1067.45,2278846,1077.86,1082.72,1060.70
4/20/2018,1072.96,1887698,1082.00,1092.35,1069.57
4/19/2018,1087.70,1741907,1069.40,1094.17,1068.18
4/18/2018,1072.08,1336678,1077.43,1077.43,1066.23
4/17/2018,1074.16,2311903,1051.37,1077.88,1048.26
4/16/2018,1037.98,1194144,1037.00,1043.24,1026.74
4/13/2018,1029.27,1175754,1040.88,1046.42,1022.98
4/12/2018,1032.51,1357599,1025.04,1040.69,1021.43
4/11/2018,1019.97,1476133,1027.99,1031.36,1015.87
4/10/2018,1031.64,1983510,1026.44,1036.28,1011.34
4/9/2018,1015.45,1738682,1016.80,1039.60,1014.08
4/6/2018,1007.04,1740896,1020.00,1031.42,1003.03
4/5/2018,1027.81,1345681,1041.33,1042.79,1020.13
4/4/2018,1025.14,2464418,993.41,1028.72,993.00
4/3/2018,1013.41,2271858,1013.91,1020.99,994.07
4/2/2018,1006.47,2679214,1022.82,1034.80,990.37
3/29/2018,1031.79,2714402,1011.63,1043.00,1002.90
3/28/2018,1004.56,3345046,998.00,1024.23,980.64
3/27/2018,1005.10,3081612,1063.00,1064.84,996.92
3/26/2018,1053.21,2593808,1046.00,1055.63,1008.40
3/23/2018,1021.57,2147097,1047.03,1063.36,1021.22
3/22/2018,1049.08,2584639,1081.88,1082.90,1045.91
3/21/2018,1090.88,1878294,1092.74,1106.30,1085.15
3/20/2018,1097.71,1802209,1099.00,1105.20,1083.46
3/19/2018,1099.82,2355186,1120.01,1121.99,1089.01
3/16/2018,1135.73,2614871,1154.14,1155.88,1131.96
3/15/2018,1149.58,1397767,1149.96,1161.08,1134.54
3/14/2018,1149.49,1290638,1145.21,1158.59,1141.44
3/13/2018,1138.17,1874176,1170.00,1176.76,1133.33
3/12/2018,1164.50,2106548,1163.85,1177.05,1157.42
3/9/2018,1160.04,2121425,1136.00,1160.80,1132.46
3/8/2018,1126.00,1393529,1115.32,1127.60,1112.80
3/7/2018,1109.64,1277439,1089.19,1112.22,1085.48
3/6/2018,1095.06,1497087,1099.22,1101.85,1089.78
3/5/2018,1090.93,1141932,1075.14,1097.10,1069.00
3/2/2018,1078.92,2271394,1053.08,1082.00,1048.12
3/1/2018,1069.52,2511872,1107.87,1110.12,1067.00
2/28/2018,1104.73,1873737,1123.03,1127.53,1103.24
2/27/2018,1118.29,1772866,1141.24,1144.04,1118.00
2/26/2018,1143.75,1514920,1127.80,1143.96,1126.70
2/23/2018,1126.79,1190432,1112.64,1127.28,1104.71
2/22/2018,1106.63,1309536,1116.19,1122.82,1102.59
2/21/2018,1111.34,1507152,1106.47,1133.97,1106.33
2/20/2018,1102.46,1389491,1090.57,1113.95,1088.52
2/16/2018,1094.80,1680283,1088.41,1104.67,1088.31
2/15/2018,1089.52,1785552,1079.07,1091.48,1064.34
2/14/2018,1069.70,1547665,1048.95,1071.72,1046.75
2/13/2018,1052.10,1213800,1045.00,1058.37,1044.09
2/12/2018,1051.94,2054002,1048.00,1061.50,1040.93
2/9/2018,1037.78,3503970,1017.25,1043.97,992.56
2/8/2018,1001.52,2809890,1055.41,1058.62,1000.66
2/7/2018,1048.58,2353003,1081.54,1081.78,1048.26
2/6/2018,1080.60,3432313,1027.18,1081.71,1023.14
2/5/2018,1055.80,3769453,1090.60,1110.00,1052.03
2/2/2018,1111.90,4837979,1122.00,1123.07,1107.28
2/1/2018,1167.70,2380221,1162.61,1174.00,1157.52
1/31/2018,1169.94,1523820,1170.57,1173.00,1159.13
1/30/2018,1163.69,1541771,1167.83,1176.52,1163.52
1/29/2018,1175.58,1337324,1176.48,1186.89,1171.98
1/26/2018,1175.84,1981173,1175.08,1175.84,1158.11
1/25/2018,1170.37,1461518,1172.53,1175.94,1162.76
1/24/2018,1164.24,1382904,1177.33,1179.86,1161.05
1/23/2018,1169.97,1309862,1159.85,1171.63,1158.75
1/22/2018,1155.81,1616120,1137.49,1159.88,1135.11
1/19/2018,1137.51,1390118,1131.83,1137.86,1128.30
1/18/2018,1129.79,1194943,1131.41,1132.51,1117.50
1/17/2018,1131.98,1200476,1126.22,1132.60,1117.01
1/16/2018,1121.76,1566662,1132.51,1139.91,1117.83
1/12/2018,1122.26,1718491,1102.41,1124.29,1101.15
1/11/2018,1105.52,977727,1106.30,1106.53,1099.59
1/10/2018,1102.61,1042273,1097.10,1104.60,1096.11
1/9/2018,1106.26,900089,1109.40,1110.57,1101.23
1/8/2018,1106.94,1046767,1102.23,1111.27,1101.62
1/5/2018,1102.23,1279990,1094.00,1104.25,1092.00
1/4/2018,1086.40,1002945,1088.00,1093.57,1084.00
1/3/2018,1082.48,1429757,1064.31,1086.29,1063.21
1/2/2018,1065.00,1236401,1048.34,1066.94,1045.23
12/29/2017,1046.40,886845,1046.72,1049.70,1044.90
12/28/2017,1048.14,833011,1051.60,1054.75,1044.77
12/27/2017,1049.37,1271780,1057.39,1058.37,1048.05
12/26/2017,1056.74,761097,1058.07,1060.12,1050.20
12/22/2017,1060.12,755089,1061.11,1064.20,1059.44
12/21/2017,1063.63,986548,1064.95,1069.33,1061.79
12/20/2017,1064.95,1268285,1071.78,1073.38,1061.52
12/19/2017,1070.68,1307894,1075.20,1076.84,1063.55
12/18/2017,1077.14,1552016,1066.08,1078.49,1062.00
12/15/2017,1064.19,3275091,1054.61,1067.62,1049.50
12/14/2017,1049.15,1558684,1045.00,1058.50,1043.11
12/13/2017,1040.61,1220364,1046.12,1046.67,1038.38
12/12/2017,1040.48,1279511,1039.63,1050.31,1033.69
12/11/2017,1041.10,1190527,1035.50,1043.80,1032.05
12/8/2017,1037.05,1288419,1037.49,1042.05,1032.52
12/7/2017,1030.93,1458145,1020.43,1034.24,1018.07
12/6/2017,1018.38,1258496,1001.50,1024.97,1001.14
12/5/2017,1005.15,2066247,995.94,1020.61,988.28
12/4/2017,998.68,1906058,1012.66,1016.10,995.57
12/1/2017,1010.17,1908962,1015.80,1022.49,1002.02
11/30/2017,1021.41,1723003,1022.37,1028.49,1015.00
11/29/2017,1021.66,2442974,1042.68,1044.08,1015.65
11/28/2017,1047.41,1421027,1055.09,1062.38,1040.00
11/27/2017,1054.21,1307471,1040.00,1055.46,1038.44
11/24/2017,1040.61,536996,1035.87,1043.18,1035.00
11/22/2017,1035.96,746351,1035.00,1039.71,1031.43
11/21/2017,1034.49,1096161,1023.31,1035.11,1022.66
11/20/2017,1018.38,898389,1020.26,1022.61,1017.50
11/17/2017,1019.09,1366936,1034.01,1034.42,1017.75
11/16/2017,1032.50,1129424,1022.52,1035.92,1022.52
11/15/2017,1020.91,847932,1019.21,1024.09,1015.42
11/14/2017,1026.00,958708,1022.59,1026.81,1014.15
11/13/2017,1025.75,885565,1023.42,1031.58,1022.57
11/10/2017,1028.07,720674,1026.46,1030.76,1025.28
11/9/2017,1031.26,1244701,1033.99,1033.99,1019.67
11/8/2017,1039.85,1088395,1030.52,1043.52,1028.45
11/7/2017,1033.33,1112123,1027.27,1033.97,1025.13
11/6/2017,1025.90,1124757,1028.99,1034.87,1025.00
11/3/2017,1032.48,1075134,1022.11,1032.65,1020.31
11/2/2017,1025.58,1048584,1021.76,1028.09,1013.01
11/1/2017,1025.50,1371619,1017.21,1029.67,1016.95
10/31/2017,1016.64,1331265,1015.22,1024.00,1010.42
10/30/2017,1017.11,2083490,1014.00,1024.97,1007.50
10/27/2017,1019.27,5165922,1009.19,1048.39,1008.20
10/26/2017,972.56,2027218,980.00,987.60,972.20
10/25/2017,973.33,1210368,968.37,976.09,960.52
10/24/2017,970.54,1206074,970.00,972.23,961.00
10/23/2017,968.45,1471544,989.52,989.52,966.12
10/20/2017,988.20,1176177,989.44,991.00,984.58
10/19/2017,984.45,1312706,986.00,988.88,978.39
10/18/2017,992.81,1057285,991.77,996.72,986.97
10/17/2017,992.18,1290152,990.29,996.44,988.59
10/16/2017,992.00,910246,992.10,993.91,984.00
10/13/2017,989.68,1169584,992.00,997.21,989.00
10/12/2017,987.83,1278357,987.45,994.12,985.00
10/11/2017,989.25,1692843,973.72,990.71,972.25
10/10/2017,972.60,968113,980.00,981.57,966.08
10/9/2017,977.00,890620,980.00,985.43,976.11
10/6/2017,978.89,1146207,966.70,979.46,963.36
10/5/2017,969.96,1210427,955.49,970.91,955.18
10/4/2017,951.68,951766,957.00,960.39,950.69
10/3/2017,957.79,888303,954.00,958.00,949.14
10/2/2017,953.27,1282850,959.98,962.54,947.84
9/29/2017,959.11,1576365,952.00,959.79,951.51
9/28/2017,949.50,997036,941.36,950.69,940.55
9/27/2017,944.49,2237538,927.74,949.90,927.74
9/26/2017,924.86,1666749,923.72,930.82,921.14
9/25/2017,920.97,1855742,925.45,926.40,909.70
9/22/2017,928.53,1052170,927.75,934.73,926.48
9/21/2017,932.45,1227059,933.00,936.53,923.83
9/20/2017,931.58,1535626,922.98,933.88,922.00
9/19/2017,921.81,912967,917.42,922.42,912.55
9/18/2017,915.00,1300759,920.01,922.08,910.60
9/15/2017,920.29,2499466,924.66,926.49,916.36
9/14/2017,925.11,1395497,931.25,932.77,924.00
9/13/2017,935.09,1101145,930.66,937.25,929.86
9/12/2017,932.07,1133638,932.59,933.48,923.86
9/11/2017,929.08,1266020,934.25,938.38,926.92
9/8/2017,926.50,997699,936.49,936.99,924.88
9/7/2017,935.95,1211472,931.73,936.41,923.62
9/6/2017,927.81,1526209,930.15,930.92,919.27
9/5/2017,928.45,1346791,933.08,937.00,921.96
9/1/2017,937.34,943657,941.13,942.48,935.15
8/31/2017,939.33,1566888,931.76,941.98,931.76
8/30/2017,929.57,1300616,920.05,930.82,919.65
8/29/2017,921.29,1181391,905.10,923.33,905.00
8/28/2017,913.81,1085014,916.00,919.25,911.87
8/25/2017,915.89,1052764,923.49,925.56,915.50
8/24/2017,921.28,1266191,928.66,930.84,915.50
8/23/2017,927.00,1088575,921.93,929.93,919.36
8/22/2017,924.69,1166320,912.72,925.86,911.48
8/21/2017,906.66,942328,910.00,913.00,903.40
8/18/2017,910.67,1341990,910.31,915.28,907.15
8/17/2017,910.98,1241782,925.78,926.86,910.98
8/16/2017,926.96,1005261,925.29,932.70,923.45
8/15/2017,922.22,882479,924.23,926.55,919.82
8/14/2017,922.67,1063404,922.53,924.67,918.19
8/11/2017,914.39,1205652,907.97,917.78,905.58
8/10/2017,907.24,1755521,917.55,919.26,906.13
8/9/2017,922.90,1191332,920.61,925.98,917.25
8/8/2017,926.79,1057351,927.09,935.81,925.61
8/7/2017,929.36,1031710,929.06,931.70,926.50
8/4/2017,927.96,1081814,926.75,930.31,923.03
8/3/2017,923.65,1201519,930.34,932.24,922.24
8/2/2017,930.39,1822272,928.61,932.60,916.68
8/1/2017,930.83,1234612,932.38,937.45,929.26
7/31/2017,930.50,1964748,941.89,943.59,926.04
7/28/2017,941.53,1802343,929.40,943.83,927.50
7/27/2017,934.09,3128819,951.78,951.78,920.00
7/26/2017,947.80,2069349,954.68,955.00,942.28
7/25/2017,950.70,4656609,953.81,959.70,945.40
7/24/2017,980.34,3205374,972.22,986.20,970.77
7/21/2017,972.92,1697190,962.25,973.23,960.15
7/20/2017,968.15,1620636,975.00,975.90,961.51
7/19/2017,970.89,1221155,967.84,973.04,964.03
7/18/2017,965.40,1152741,953.00,968.04,950.60
7/17/2017,953.42,1164141,957.00,960.74,949.24
7/14/2017,955.99,1052855,952.00,956.91,948.01
7/13/2017,947.16,1294674,946.29,954.45,943.01
7/12/2017,943.83,1517168,938.68,946.30,934.47
7/11/2017,930.09,1112417,929.54,931.43,922.00
7/10/2017,928.80,1190237,921.77,930.38,919.59
7/7/2017,918.59,1590456,908.85,921.54,908.85
7/6/2017,906.69,1424290,904.12,914.94,899.70
7/5/2017,911.71,1813309,901.76,914.51,898.50
7/3/2017,898.70,1710373,912.18,913.94,894.79
6/30/2017,908.73,2086340,926.05,926.05,908.31
6/29/2017,917.79,3287991,929.92,931.26,910.62
6/28/2017,940.49,2719213,929.00,942.75,916.00
6/27/2017,927.33,2566047,942.46,948.29,926.85
6/26/2017,952.27,1596664,969.90,973.31,950.79
6/23/2017,965.59,1527513,956.83,966.00,954.20
6/22/2017,957.09,941639,958.70,960.72,954.55
6/21/2017,959.45,1201971,953.64,960.10,950.76
6/20/2017,950.63,1125520,957.52,961.62,950.01
6/19/2017,957.37,1520715,949.96,959.99,949.05
6/16/2017,939.78,3061794,940.00,942.04,931.60
6/15/2017,942.31,2065271,933.97,943.34,924.44
6/14/2017,950.76,1487378,959.92,961.15,942.25
6/13/2017,953.40,2012980,951.91,959.98,944.09
6/12/2017,942.90,3762434,939.56,949.36,915.23
6/9/2017,949.83,3305545,984.50,984.50,935.63
6/8/2017,983.41,1477151,982.35,984.57,977.20
6/7/2017,981.08,1447172,979.65,984.15,975.77
6/6/2017,976.57,1814323,983.16,988.25,975.14
6/5/2017,983.68,1251903,976.55,986.91,975.10
6/2/2017,975.60,1750723,969.46,975.88,966.00
6/1/2017,966.95,1408958,968.95,971.50,960.01
5/31/2017,964.86,2447176,975.02,979.27,960.18
5/30/2017,975.88,1466288,970.31,976.20,969.49
5/26/2017,971.47,1251425,969.70,974.98,965.03
5/25/2017,969.54,1659422,957.33,972.63,955.47
5/24/2017,954.96,1031408,952.98,955.09,949.50
5/23/2017,948.82,1269438,947.92,951.47,942.58
5/22/2017,941.86,1118456,935.00,941.88,935.00
5/19/2017,934.01,1389848,931.47,937.76,931.00
5/18/2017,930.24,1596058,921.00,933.17,918.75
5/17/2017,919.62,2357922,935.67,939.33,918.14
5/16/2017,943.00,968288,940.00,943.11,937.58
5/15/2017,937.08,1104595,932.95,938.25,929.34
5/12/2017,932.22,1050377,931.53,933.44,927.85
5/11/2017,930.60,834997,925.32,932.53,923.03
5/10/2017,928.78,1173887,931.98,932.00,925.16
5/9/2017,932.17,1581236,936.95,937.50,929.53
5/8/2017,934.30,1328885,926.12,936.93,925.26
5/5/2017,927.13,1910317,933.54,934.90,925.20
5/4/2017,931.66,1421938,926.07,935.93,924.59
5/3/2017,927.04,1497565,914.86,928.10,912.54
5/2/2017,916.44,1543696,909.62,920.77,909.45
5/1/2017,912.57,2114629,901.94,915.68,901.45
4/28/2017,905.96,3223850,910.66,916.85,905.77
4/27/2017,874.25,2009509,873.60,875.40,870.38
4/26/2017,871.73,1233724,874.23,876.05,867.75
4/25/2017,872.30,1670095,865.00,875.00,862.81
4/24/2017,862.76,1371722,851.20,863.45,849.86
4/21/2017,843.19,1323364,842.88,843.88,840.60
4/20/2017,841.65,957994,841.44,845.20,839.32
4/19/2017,838.21,954324,839.79,842.22,836.29
4/18/2017,836.82,835433,834.22,838.93,832.71
4/17/2017,837.17,894540,825.01,837.75,824.47
4/13/2017,823.56,1118221,822.14,826.38,821.44
4/12/2017,824.32,900059,821.93,826.66,821.02
4/11/2017,823.35,1078951,824.71,827.43,817.02
4/10/2017,824.73,978825,825.39,829.35,823.77
4/7/2017,824.67,1056692,827.96,828.49,820.51
4/6/2017,827.88,1254235,832.40,836.39,826.46
4/5/2017,831.41,1553163,835.51,842.45,830.72
4/4/2017,834.57,1044455,831.36,835.18,829.04
4/3/2017,838.55,1670349,829.22,840.85,829.22
3/31/2017,829.56,1401756,828.97,831.64,827.39
3/30/2017,831.50,1055263,833.50,833.68,829.00
3/29/2017,831.41,1785006,825.00,832.77,822.38
3/28/2017,820.92,1620532,820.41,825.99,814.03
3/27/2017,819.51,1894735,806.95,821.63,803.37
3/24/2017,814.43,1980415,820.08,821.93,808.89
3/23/2017,817.58,3485390,821.00,822.57,812.26
3/22/2017,829.59,1399409,831.91,835.55,827.18
3/21/2017,830.46,2461375,851.40,853.50,829.02
3/20/2017,848.40,1217560,850.01,850.22,845.15
3/17/2017,852.12,1712397,851.61,853.40,847.11
3/16/2017,848.78,977384,849.03,850.85,846.13
3/15/2017,847.20,1381328,847.59,848.63,840.77
3/14/2017,845.62,779920,843.64,847.24,840.80
3/13/2017,845.54,1149928,844.00,848.69,843.25
3/10/2017,843.25,1702731,843.28,844.91,839.50
3/9/2017,838.68,1261393,836.00,842.00,834.21
3/8/2017,835.37,988900,833.51,838.15,831.79
3/7/2017,831.91,1037573,827.40,833.41,826.52
3/6/2017,827.78,1108799,826.95,828.88,822.40
3/3/2017,829.08,890640,830.56,831.36,825.75
3/2/2017,830.63,937824,833.85,834.51,829.64
3/1/2017,835.24,1495934,828.85,836.26,827.26
2/28/2017,823.21,2258695,825.61,828.54,820.20
2/27/2017,829.28,1101120,824.55,830.50,824.00
2/24/2017,828.64,1392039,827.73,829.00,824.20
2/23/2017,831.33,1471342,830.12,832.46,822.88
2/22/2017,830.76,983058,828.66,833.25,828.64
2/21/2017,831.66,1259841,828.66,833.45,828.35
2/17/2017,828.07,1602549,823.02,828.07,821.66
2/16/2017,824.16,1285919,819.93,824.40,818.98
2/15/2017,818.98,1311316,819.36,823.00,818.47
2/14/2017,820.45,1054472,819.00,823.00,816.00
2/13/2017,819.24,1205835,816.00,820.96,815.49
2/10/2017,813.67,1134701,811.70,815.25,809.78
2/9/2017,809.56,990260,809.51,810.66,804.54
2/8/2017,808.38,1155892,807.00,811.84,803.19
2/7/2017,806.97,1240257,803.99,810.50,801.78
2/6/2017,801.34,1182882,799.70,801.67,795.25
2/3/2017,801.49,1461217,802.99,806.00,800.37
2/2/2017,798.53,1530827,793.80,802.70,792.00
2/1/2017,795.70,2027708,799.68,801.19,791.19
1/31/2017,796.79,2153957,796.86,801.25,790.52
1/30/2017,802.32,3243568,814.66,815.84,799.80
1/27/2017,823.31,2964989,834.71,841.95,820.44
1/26/2017,832.15,2944642,837.81,838.00,827.01
1/25/2017,835.67,1612854,829.62,835.77,825.06
1/24/2017,823.87,1472228,822.30,825.90,817.82
1/23/2017,819.31,1962506,807.25,820.87,803.74
1/20/2017,805.02,1668638,806.91,806.91,801.69
1/19/2017,802.18,917085,805.12,809.48,801.80
1/18/2017,806.07,1293893,805.81,806.21,800.99
1/17/2017,804.61,1361935,807.08,807.14,800.37
1/13/2017,807.88,1098154,807.48,811.22,806.69
1/12/2017,806.36,1352872,807.14,807.39,799.17
1/11/2017,807.91,1065360,805.00,808.15,801.37
1/10/2017,804.79,1176637,807.86,809.13,803.51
1/9/2017,806.65,1274318,806.40,809.97,802.83
1/6/2017,806.15,1639246,795.26,807.90,792.20
1/5/2017,794.02,1334028,786.08,794.48,785.02
1/4/2017,786.90,1071198,788.36,791.34,783.16
1/3/2017,786.14,1657291,778.81,789.63,775.80
12/30/2016,771.82,1769809,782.75,782.78,770.41
12/29/2016,782.79,743808,783.33,785.93,778.92
12/28/2016,785.05,1142148,793.70,794.23,783.20
12/27/2016,791.55,789151,790.68,797.86,787.66
12/23/2016,789.91,623682,790.90,792.74,787.28
12/22/2016,791.26,972147,792.36,793.32,788.58
12/21/2016,794.56,1208770,795.84,796.68,787.10
12/20/2016,796.42,950345,796.76,798.65,793.27
12/19/2016,794.20,1231966,790.22,797.66,786.27
12/16/2016,790.80,2435100,800.40,800.86,790.29
12/15/2016,797.85,1623709,797.34,803.00,792.92
12/14/2016,797.07,1700875,797.40,804.00,794.01
12/13/2016,796.10,2122735,793.90,804.38,793.34
12/12/2016,789.27,2102288,785.04,791.25,784.36
12/9/2016,789.29,1821146,780.00,789.43,779.02
12/8/2016,776.42,1487517,772.48,778.18,767.23
12/7/2016,771.19,1757710,761.00,771.36,755.80
12/6/2016,759.11,1690365,764.73,768.83,757.34
12/5/2016,762.52,1393566,757.71,763.90,752.90
12/2/2016,750.50,1452181,744.59,754.00,743.10
12/1/2016,747.92,3017001,757.44,759.85,737.02
11/30/2016,758.04,2386628,770.07,772.99,754.83
11/29/2016,770.84,1616427,771.53,778.50,768.24
11/28/2016,768.24,2177039,760.00,779.53,759.80
11/25/2016,761.68,587421,764.26,765.00,760.52
11/23/2016,760.99,1477501,767.73,768.28,755.25
11/22/2016,768.27,1592372,772.63,776.96,767.00
11/21/2016,769.20,1324431,762.61,769.70,760.60
11/18/2016,760.54,1528555,771.37,775.00,760.00
11/17/2016,771.23,1298484,766.92,772.70,764.23
11/16/2016,764.48,1468196,755.20,766.36,750.51
11/15/2016,758.49,2375056,746.97,764.42,746.97
11/14/2016,736.08,3644965,755.60,757.85,727.54
11/11/2016,754.02,2421889,756.54,760.78,750.38
11/10/2016,762.56,4733916,791.17,791.17,752.18
11/9/2016,785.31,2603860,779.94,791.23,771.67
11/8/2016,790.51,1361472,783.40,795.63,780.19
11/7/2016,782.52,1574426,774.50,785.19,772.55
11/4/2016,762.02,2131948,750.66,770.36,750.56
11/3/2016,762.13,1933937,767.25,769.95,759.03
11/2/2016,768.70,1905814,778.20,781.65,763.45
11/1/2016,783.61,2404898,782.89,789.49,775.54
10/31/2016,784.54,2420892,795.47,796.86,784.00
10/28/2016,795.37,4261912,808.35,815.49,793.59
10/27/2016,795.35,2723097,801.00,803.49,791.50
10/26/2016,799.07,1645403,806.34,806.98,796.32
10/25/2016,807.67,1575020,816.68,816.68,805.14
10/24/2016,813.11,1693162,804.90,815.18,804.82
10/21/2016,799.37,1262042,795.00,799.50,794.00
10/20/2016,796.97,1755546,803.30,803.97,796.03
10/19/2016,801.56,1762990,798.86,804.63,797.64
10/18/2016,795.26,2046338,787.85,801.61,785.57
10/17/2016,779.96,1091524,779.80,785.85,777.50
10/14/2016,778.53,851512,781.65,783.95,776.00
10/13/2016,778.19,1360619,781.22,781.22,773.00
10/12/2016,786.14,935138,783.76,788.13,782.06
10/11/2016,783.07,1371461,786.66,792.28,780.58
10/10/2016,785.94,1161410,777.71,789.38,775.87
10/7/2016,775.08,932444,779.66,779.66,770.75
10/6/2016,776.86,1066910,779.00,780.48,775.54
10/5/2016,776.47,1457661,779.31,782.07,775.65
10/4/2016,776.43,1198361,776.03,778.71,772.89
10/3/2016,772.56,1276614,774.25,776.07,769.50
9/30/2016,777.29,1583293,776.33,780.94,774.09
9/29/2016,775.01,1310252,781.44,785.80,774.23
9/28/2016,781.56,1108249,777.85,781.81,774.97
9/27/2016,783.01,1152760,775.50,785.99,774.31
9/26/2016,774.21,1531788,782.74,782.74,773.07
9/23/2016,786.90,1411439,786.59,788.93,784.15
9/22/2016,787.21,1483899,780.00,789.85,778.44
9/21/2016,776.22,1166290,772.66,777.16,768.30
9/20/2016,771.41,975434,769.00,773.33,768.53
9/19/2016,765.70,1171969,772.42,774.00,764.44
9/16/2016,768.88,2047036,769.75,769.75,764.66
9/15/2016,771.76,1344945,762.89,773.80,759.96
9/14/2016,762.49,1093723,759.61,767.68,759.11
9/13/2016,759.69,1394158,764.48,766.22,755.80
9/12/2016,769.02,1310493,755.13,770.29,754.00
9/9/2016,759.66,1879903,770.10,773.25,759.66
9/8/2016,775.32,1268663,778.59,780.35,773.58
9/7/2016,780.35,893874,780.00,782.73,776.20
9/6/2016,780.08,1441864,773.45,782.00,771.00
9/2/2016,771.46,1070725,773.01,773.92,768.41
9/1/2016,768.78,925019,769.25,771.02,764.30
8/31/2016,767.05,1247937,767.01,769.09,765.38
8/30/2016,769.09,1129932,769.33,774.47,766.84
8/29/2016,772.15,847537,768.74,774.99,766.62
8/26/2016,769.54,1164713,769.00,776.08,765.85
8/25/2016,769.41,926856,767.00,771.89,763.18
8/24/2016,769.64,1071569,770.58,774.50,767.07
8/23/2016,772.08,925356,775.48,776.44,771.79
8/22/2016,772.15,950417,773.27,774.54,770.05
8/19/2016,775.42,860899,775.00,777.10,773.13
8/18/2016,777.50,718882,780.01,782.86,777.00
8/17/2016,779.91,921666,777.32,780.81,773.53
8/16/2016,777.14,1027836,780.30,780.98,773.44
8/15/2016,782.44,938183,783.75,787.49,780.11
8/12/2016,783.22,739761,781.50,783.40,780.40
8/11/2016,784.85,971742,785.00,789.75,782.97
8/10/2016,784.68,784559,783.75,786.81,782.78
8/9/2016,784.26,1318457,781.10,788.94,780.57
8/8/2016,781.76,1106693,782.00,782.63,778.09
8/5/2016,782.22,1799478,773.78,783.04,772.34
8/4/2016,771.61,1139972,772.22,774.07,768.80
8/3/2016,773.18,1283186,767.18,773.21,766.82
8/2/2016,771.07,1782822,768.69,775.84,767.85
8/1/2016,772.88,2697699,761.09,780.43,761.09
7/29/2016,768.79,3830103,772.71,778.55,766.77
7/28/2016,745.91,3473040,747.04,748.65,739.30
7/27/2016,741.77,1509133,738.28,744.46,737.00
7/26/2016,738.42,1182993,739.04,741.69,734.27
7/25/2016,739.77,1031643,740.67,742.61,737.50
7/22/2016,742.74,1256741,741.86,743.24,736.56
7/21/2016,738.63,1022229,740.36,741.69,735.83
7/20/2016,741.19,1283931,737.33,742.13,737.10
7/19/2016,736.96,1225467,729.89,736.99,729.00
7/18/2016,733.78,1284740,722.71,736.13,721.19
7/15/2016,719.85,1277514,725.73,725.74,719.06
7/14/2016,720.95,949456,721.58,722.21,718.03
7/13/2016,716.98,933352,723.62,724.00,716.85
7/12/2016,720.64,1336112,719.12,722.94,715.91
7/11/2016,715.09,1107039,708.05,716.51,707.24
7/8/2016,705.63,1573909,699.50,705.71,696.44
7/7/2016,695.36,1303661,698.08,698.20,688.22
7/6/2016,697.77,1411080,689.98,701.68,689.09
7/5/2016,694.49,1462879,696.06,696.94,688.88
7/1/2016,699.21,1344387,692.20,700.65,692.13
6/30/2016,692.10,1597298,685.47,692.32,683.65
6/29/2016,684.11,1931436,683.00,687.43,681.41
6/28/2016,680.04,2169704,678.97,680.33,673.00
6/27/2016,668.26,2632011,671.00,672.30,663.28
6/24/2016,675.22,4442943,675.17,689.40,673.45
6/23/2016,701.87,2166183,697.45,701.95,687.00
6/22/2016,697.46,1182161,699.06,700.86,693.08
6/21/2016,695.94,1464836,698.40,702.77,692.01
6/20/2016,693.71,2080645,698.77,702.48,693.41
6/17/2016,691.72,3397720,708.65,708.82,688.45
6/16/2016,710.36,1981657,714.91,716.65,703.26
6/15/2016,718.92,1213386,719.00,722.98,717.31
6/14/2016,718.27,1303808,716.48,722.47,713.12
6/13/2016,718.36,1255199,716.51,725.44,716.51
6/10/2016,719.41,1213989,719.47,725.89,716.43
6/9/2016,728.58,987635,722.87,729.54,722.34
6/8/2016,728.28,1583325,723.96,728.57,720.58
6/7/2016,716.65,1336348,719.84,721.98,716.55
6/6/2016,716.55,1565955,724.91,724.91,714.61
6/3/2016,722.34,1225924,729.27,729.49,720.56
6/2/2016,730.40,1340664,732.50,733.02,724.17
6/1/2016,734.15,1251468,734.53,737.21,730.66
5/31/2016,735.72,2128358,731.74,739.73,731.26
5/27/2016,732.66,1974425,724.01,733.94,724.00
5/26/2016,724.12,1573635,722.87,728.33,720.28
5/25/2016,725.27,1629790,720.76,727.51,719.70
5/24/2016,720.09,1926828,706.86,720.97,706.86
5/23/2016,704.24,1326386,706.53,711.48,704.18
5/20/2016,709.74,1825830,701.62,714.58,700.52
5/19/2016,700.32,1668887,702.36,706.00,696.80
5/18/2016,706.63,1765632,703.67,711.60,700.63
5/17/2016,706.23,1999883,715.99,721.52,704.11
5/16/2016,716.49,1316719,709.13,718.48,705.65
5/13/2016,710.83,1307559,711.93,716.66,709.26
5/12/2016,713.31,1361170,717.06,719.25,709.00
5/11/2016,715.29,1690862,723.41,724.48,712.80
5/10/2016,723.18,1568621,716.75,723.50,715.72
5/9/2016,712.90,1509892,712.00,718.71,710.00
5/6/2016,711.12,1828508,698.38,711.86,698.11
5/5/2016,701.43,1680220,697.70,702.32,695.72
5/4/2016,695.70,1692757,690.49,699.75,689.01
5/3/2016,692.36,1541297,696.87,697.84,692.00
5/2/2016,698.21,1645013,697.63,700.64,691.00
4/29/2016,693.01,2486584,690.70,697.62,689.00
4/28/2016,691.02,2859790,708.26,714.17,689.55
4/27/2016,705.84,3094905,707.29,708.98,692.37
4/26/2016,708.14,2739133,725.42,725.77,703.03
4/25/2016,723.15,1956956,716.10,723.93,715.59
4/22/2016,718.77,5949699,726.30,736.12,713.61
4/21/2016,759.14,2995094,755.38,760.45,749.55
4/20/2016,752.67,1526776,758.00,758.13,750.01
4/19/2016,753.93,2027962,769.51,769.90,749.33
4/18/2016,766.61,1557199,760.46,768.05,757.30
4/15/2016,759.00,1807062,753.98,761.00,752.69
4/14/2016,753.20,1134056,754.01,757.31,752.71
4/13/2016,751.72,1707397,749.16,754.38,744.26
4/12/2016,743.09,1349780,738.00,743.83,731.01
4/11/2016,736.10,1218789,743.02,745.00,736.05
4/8/2016,739.15,1289869,743.97,745.45,735.55
4/7/2016,740.28,1452369,745.37,747.00,736.28
4/6/2016,745.69,1052171,735.77,746.24,735.56
4/5/2016,737.80,1130817,738.00,742.80,735.37
4/4/2016,745.29,1134214,750.06,752.80,742.43
4/1/2016,749.91,1576240,738.60,750.34,737.00
3/31/2016,744.95,1718638,749.25,750.85,740.94
3/30/2016,750.53,1782278,750.10,757.88,748.74
3/29/2016,744.77,1902254,734.59,747.25,728.76
3/28/2016,733.53,1300817,736.79,738.99,732.50
3/24/2016,735.30,1570474,732.01,737.75,731.00
3/23/2016,738.06,1431130,742.36,745.72,736.15
3/22/2016,740.75,1269263,737.46,745.00,737.46
3/21/2016,742.09,1835963,736.50,742.50,733.52
3/18/2016,737.60,2982194,741.86,742.00,731.83
3/17/2016,737.78,1859562,736.45,743.07,736.00
3/16/2016,736.09,1621412,726.37,737.47,724.51
3/15/2016,728.33,1720790,726.92,732.29,724.77
3/14/2016,730.49,1717002,726.81,735.50,725.15
3/11/2016,726.82,1968164,720.00,726.92,717.13
3/10/2016,712.82,2830630,708.12,716.44,703.36
3/9/2016,705.24,1419661,698.47,705.68,694.00
3/8/2016,693.97,2075305,688.59,703.79,685.34
3/7/2016,695.16,2986064,706.90,708.09,686.90
3/4/2016,710.89,1971379,714.99,716.49,706.02
3/3/2016,712.42,1956958,718.68,719.45,706.02
3/2/2016,718.85,1629501,719.00,720.00,712.00
3/1/2016,718.81,2148608,703.62,718.81,699.77
2/29/2016,697.77,2478214,700.32,710.89,697.68
2/26/2016,705.07,2241785,708.58,713.43,700.86
2/25/2016,705.75,1640430,700.01,705.98,690.59
2/24/2016,699.56,1961258,688.92,700.00,680.78
2/23/2016,695.85,2006572,701.45,708.40,693.58
2/22/2016,706.46,1949046,707.45,713.24,702.51
2/19/2016,700.91,1585152,695.03,703.08,694.05
2/18/2016,697.35,1880306,710.00,712.35,696.03
2/17/2016,708.40,2490021,699.00,709.75,691.38
2/16/2016,691.00,2517324,692.98,698.00,685.05
2/12/2016,682.40,2138937,690.26,693.75,678.60
2/11/2016,683.11,3021587,675.00,689.35,668.87
2/10/2016,684.12,2629130,686.86,701.31,682.13
2/9/2016,678.11,3605792,672.32,699.90,668.77
2/8/2016,682.74,4241416,667.85,684.03,663.06
2/5/2016,683.57,5098357,703.87,703.99,680.15
2/4/2016,708.01,5157988,722.81,727.00,701.86
2/3/2016,726.95,6166731,770.22,774.50,720.50
2/2/2016,764.65,6340548,784.50,789.87,764.65
2/1/2016,752.00,5065235,750.46,757.86,743.27
1/29/2016,742.95,3464432,731.53,744.99,726.80
1/28/2016,730.96,2664956,722.22,733.69,712.35
1/27/2016,699.99,2175913,713.67,718.24,694.39
1/26/2016,713.04,1329141,713.85,718.28,706.48
1/25/2016,711.67,1709777,723.58,729.68,710.01
1/22/2016,725.25,2009951,723.60,728.13,720.12
1/21/2016,706.59,2411079,702.18,719.19,694.46
1/20/2016,698.45,3441642,688.61,706.85,673.26
1/19/2016,701.79,2264747,703.30,709.98,693.41
1/15/2016,694.45,3604137,692.29,706.74,685.37
1/14/2016,714.72,2225495,705.38,721.93,689.10
1/13/2016,700.56,2497086,730.85,734.74,698.61
1/12/2016,726.07,2010026,721.68,728.75,717.32
1/11/2016,716.03,2089495,716.61,718.86,703.54
1/8/2016,714.47,2449420,731.45,733.23,713.00
1/7/2016,726.39,2960578,730.31,738.50,719.06
1/6/2016,743.62,1943685,730.00,747.18,728.92
1/5/2016,742.58,1949386,746.45,752.00,738.64
1/4/2016,741.84,3271348,743.00,744.06,731.26
12/31/2015,758.88,1500129,769.50,769.50,758.34
12/30/2015,771.00,1293514,776.60,777.60,766.90
12/29/2015,776.60,1764044,766.69,779.98,766.43
12/28/2015,762.51,1515574,752.92,762.99,749.52
12/24/2015,748.40,527223,749.55,751.35,746.62
12/23/2015,750.31,1566723,753.47,754.21,744.00
12/22/2015,750.00,1365420,751.65,754.85,745.53
12/21/2015,747.77,1524535,746.13,750.00,740.00
12/18/2015,739.31,3140906,746.51,754.13,738.15
12/17/2015,749.43,1551087,762.42,762.68,749.00
12/16/2015,758.09,1986319,750.00,760.59,739.44
12/15/2015,743.40,2661199,753.00,758.08,743.01
12/14/2015,747.77,2417778,741.79,748.73,724.17
12/11/2015,738.87,2223284,741.16,745.71,736.75
12/10/2015,749.46,1988035,752.85,755.85,743.83
12/9/2015,751.61,2697978,759.17,764.23,737.00
12/8/2015,762.37,1829004,757.89,764.80,754.20
12/7/2015,763.25,1811336,767.77,768.73,755.09
12/4/2015,766.81,2756194,753.10,768.49,750.00
12/3/2015,752.54,2589641,766.01,769.00,745.63
12/2/2015,762.38,2196721,768.90,775.96,758.96
12/1/2015,767.04,2131827,747.11,768.95,746.70
11/30/2015,742.60,2045584,748.81,754.93,741.27
11/27/2015,750.26,838528,748.46,753.41,747.49
11/25/2015,748.15,1122224,748.14,752.00,746.06
11/24/2015,748.28,2333700,752.00,755.28,737.63
11/23/2015,755.98,1414640,757.45,762.71,751.82
11/20/2015,756.60,2212934,746.53,757.92,743.00
11/19/2015,738.41,1327265,738.74,742.00,737.43
11/18/2015,740.00,1683978,727.58,741.41,727.00
11/17/2015,725.30,1507449,729.29,731.85,723.03
11/16/2015,728.96,1904395,715.60,729.49,711.33
11/13/2015,717.00,2072392,729.17,731.15,716.73
11/12/2015,731.23,1836567,731.00,737.80,728.65
11/11/2015,735.40,1366611,732.46,741.00,730.23
11/10/2015,728.32,1606499,724.40,730.59,718.50
11/9/2015,724.89,2068920,730.20,734.71,719.43
11/6/2015,733.76,1510586,731.50,735.41,727.01
11/5/2015,731.25,1861100,729.47,739.48,729.47
11/4/2015,728.11,1705745,722.00,733.10,721.90
11/3/2015,722.16,1565355,718.86,724.65,714.72
11/2/2015,721.11,1885155,711.06,721.62,705.85
10/30/2015,710.81,1907732,715.73,718.00,710.05
10/29/2015,716.92,1455508,710.50,718.26,710.01
10/28/2015,712.95,2178841,707.33,712.98,703.08
10/27/2015,708.49,2232183,707.38,713.62,704.55
10/26/2015,712.78,2709292,701.55,719.15,701.26
10/23/2015,702.00,6651909,727.50,730.00,701.50
10/22/2015,651.79,3994360,646.70,657.80,644.01
10/21/2015,642.61,1792869,654.15,655.87,641.73
10/20/2015,650.28,2498077,664.04,664.72,644.20
10/19/2015,666.10,1465691,661.18,666.82,659.58
10/16/2015,662.20,1610712,664.11,664.97,657.20
10/15/2015,661.74,1832832,654.66,663.13,654.46
10/14/2015,651.16,1413798,653.21,659.39,648.85
10/13/2015,652.30,1806003,643.15,657.81,643.15
10/12/2015,646.67,1275565,642.09,648.50,639.01
10/9/2015,643.61,1648656,640.00,645.99,635.32
10/8/2015,639.16,2181990,641.36,644.45,625.56
10/7/2015,642.36,2092536,649.24,650.61,632.15
10/6/2015,645.44,2235078,638.84,649.25,636.53
10/5/2015,641.47,1802263,632.00,643.01,627.00
10/2/2015,626.91,2681241,607.20,627.34,603.13
10/1/2015,611.29,1866223,608.37,612.09,599.85
9/30/2015,608.42,2412754,603.28,608.76,600.73
9/29/2015,594.97,2310065,597.28,605.00,590.22
9/28/2015,594.89,3118693,610.34,614.61,589.38
9/25/2015,611.97,2173134,629.77,629.77,611.00
9/24/2015,625.80,2238097,616.64,627.32,612.40
9/23/2015,622.36,1470633,622.05,628.93,620.00
9/22/2015,622.69,2561551,627.00,627.55,615.43
9/21/2015,635.44,1786543,634.40,636.49,625.94
9/18/2015,629.25,5123314,636.79,640.00,627.02
9/17/2015,642.90,2259404,637.79,650.90,635.02
9/16/2015,635.98,1276250,635.47,637.95,632.32
9/15/2015,635.14,2082426,626.70,638.70,623.78
9/14/2015,623.24,1701618,625.70,625.86,619.43
9/11/2015,625.77,1372803,619.75,625.78,617.42
9/10/2015,621.35,1903334,613.10,624.16,611.43
9/9/2015,612.72,1699686,621.22,626.52,609.60
9/8/2015,614.66,2277487,612.49,616.31,604.12
9/4/2015,600.70,2087028,600.00,603.47,595.25
9/3/2015,606.25,1757851,617.00,619.71,602.82
9/2/2015,614.34,2573982,605.59,614.34,599.71
9/1/2015,597.79,3699844,602.36,612.86,594.10
8/31/2015,618.25,2172168,627.54,635.80,617.68
8/28/2015,630.38,1975818,632.82,636.88,624.56
8/27/2015,637.61,3485906,639.40,643.59,622.00
8/26/2015,628.62,4187276,610.35,631.71,599.05
8/25/2015,582.06,3521916,614.91,617.45,581.11
8/24/2015,589.61,5727282,573.00,614.00,565.05
8/21/2015,612.48,4261666,639.78,640.05,612.33
8/20/2015,646.83,2854028,655.46,662.99,642.90
8/19/2015,660.90,2132265,656.60,667.00,654.19
8/18/2015,656.13,1455664,661.90,664.00,653.46
8/17/2015,660.87,1050553,656.80,661.38,651.24
8/14/2015,657.12,1071333,655.01,659.86,652.66
8/13/2015,656.45,1807182,659.32,664.50,651.66
8/12/2015,659.56,2938651,663.08,665.00,652.29
8/11/2015,660.78,5016425,669.20,674.90,654.27
8/10/2015,633.73,1653836,639.48,643.44,631.25
8/7/2015,635.30,1403441,640.23,642.68,629.71
8/6/2015,642.68,1572150,645.00,645.38,632.25
8/5/2015,643.78,2331720,634.33,647.86,633.16
8/4/2015,629.25,1486858,628.42,634.81,627.16
8/3/2015,631.21,1301439,625.34,633.06,625.34
7/31/2015,625.61,1705286,631.38,632.91,625.50
7/30/2015,632.59,1472286,630.00,635.22,622.05
7/29/2015,631.93,1573146,628.80,633.36,622.65
7/28/2015,628.00,1713684,632.83,632.83,623.31
7/27/2015,627.26,2673801,621.00,634.30,620.50
7/24/2015,623.56,3622089,647.00,648.17,622.52
7/23/2015,644.28,3014035,661.27,663.63,641.00
7/22/2015,662.10,3707818,660.89,678.64,659.00
7/21/2015,662.30,3363342,655.21,673.00,654.30
7/20/2015,663.02,5857092,659.24,668.88,653.01
7/17/2015,672.93,11153500,649.00,674.47,645.00
7/16/2015,579.85,4559712,565.12,580.68,565.00
7/15/2015,560.22,1782264,560.13,566.50,556.79
7/14/2015,561.10,3231284,546.76,565.85,546.71
7/13/2015,546.55,2204610,532.88,547.11,532.40
7/10/2015,530.13,1954951,526.29,532.56,525.55
7/9/2015,520.68,1840155,523.12,523.77,520.35
7/8/2015,516.83,1293372,521.05,522.73,516.11
7/7/2015,525.02,1595672,523.13,526.18,515.18
7/6/2015,522.86,1278587,519.50,525.25,519.00
7/2/2015,523.40,1235773,521.08,524.65,521.08
7/1/2015,521.84,1961197,524.73,525.69,518.23
6/30/2015,520.51,2234284,526.02,526.25,520.50
6/29/2015,521.52,1935361,525.01,528.61,520.54
6/26/2015,531.69,2108629,537.26,537.76,531.35
6/25/2015,535.23,1332412,538.87,540.90,535.23
6/24/2015,537.84,1286576,540.00,540.00,535.66
6/23/2015,540.48,1196115,539.64,541.50,535.25
6/22/2015,538.19,1243535,539.59,543.74,537.53
6/19/2015,536.69,1890916,537.21,538.25,533.01
6/18/2015,536.73,1832450,531.00,538.15,530.79
6/17/2015,529.26,1269113,529.37,530.98,525.10
6/16/2015,528.15,1071728,528.40,529.64,525.56
6/15/2015,527.20,1632675,528.00,528.30,524.00
6/12/2015,532.33,955489,531.60,533.12,530.16
6/11/2015,534.61,1208632,538.43,538.98,533.02
6/10/2015,536.69,1813775,529.36,538.36,529.35
6/9/2015,526.69,1454172,527.56,529.20,523.01
6/8/2015,526.83,1523960,533.31,534.12,526.24
6/5/2015,533.33,1375008,536.35,537.20,532.52
6/4/2015,536.70,1346044,537.76,540.59,534.32
6/3/2015,540.31,1716836,539.91,543.50,537.11
6/2/2015,539.18,1936721,532.93,543.00,531.33
6/1/2015,533.99,1900257,536.79,536.79,529.76
5/29/2015,532.11,2590445,537.37,538.63,531.45
5/28/2015,539.78,1029764,538.01,540.61,536.25
5/27/2015,539.79,1524783,532.80,540.55,531.71
5/26/2015,532.32,2404462,538.12,539.00,529.88
5/22/2015,540.11,1175065,540.15,544.19,539.51
5/21/2015,542.51,1461431,537.95,543.84,535.98
5/20/2015,539.27,1430565,538.49,542.92,532.97
5/19/2015,537.36,1964037,533.98,540.66,533.04
5/18/2015,532.30,2001117,532.01,534.82,528.85
5/15/2015,533.85,1965088,539.18,539.27,530.38
5/14/2015,538.40,1401005,533.77,539.00,532.41
5/13/2015,529.62,1253005,530.56,534.32,528.66
5/12/2015,529.04,1633180,531.60,533.21,525.26
5/11/2015,535.70,904465,538.37,541.98,535.40
5/8/2015,538.22,1527181,536.65,541.15,536.00
5/7/2015,530.70,1543986,523.99,533.46,521.75
5/6/2015,524.22,1566865,531.24,532.38,521.09
5/5/2015,530.80,1380519,538.21,539.74,530.39
5/4/2015,540.78,1303830,538.53,544.07,535.06
5/1/2015,537.90,1758085,538.43,539.54,532.10
4/30/2015,537.34,2080834,547.87,548.59,535.05
4/29/2015,549.08,1696886,550.47,553.68,546.91
4/28/2015,553.68,1490735,554.64,556.02,550.37
4/27/2015,555.37,2390696,563.39,565.95,553.20
4/24/2015,565.06,4916008,566.10,571.14,557.25
4/23/2015,547.00,4129218,541.00,550.96,540.23
4/22/2015,539.37,1582956,534.40,541.08,531.75
4/21/2015,533.97,1838719,537.51,539.39,533.68
4/20/2015,535.38,1674958,525.60,536.09,524.50
4/17/2015,524.05,2143872,528.66,529.84,521.01
4/16/2015,533.80,1293690,529.90,535.59,529.61
4/15/2015,532.53,2305585,528.70,534.73,523.22
4/14/2015,530.39,2590747,536.25,537.57,528.09
4/13/2015,539.17,1640741,538.41,544.06,537.31
4/10/2015,540.01,1405136,542.29,542.29,537.31
4/9/2015,540.78,1551831,541.03,541.95,535.49
4/8/2015,541.61,1171860,538.38,543.85,538.38
4/7/2015,537.02,1299253,538.08,542.69,536.00
4/6/2015,536.77,1317628,532.22,538.41,529.57
4/2/2015,535.53,1709833,540.85,540.85,533.85
4/1/2015,542.56,1951319,548.60,551.14,539.50
3/31/2015,548.00,1583330,550.00,554.71,546.72
3/30/2015,552.03,1283210,551.62,553.47,548.17
3/27/2015,548.34,1890816,553.00,555.28,548.13
3/26/2015,555.17,1565551,557.59,558.90,550.65
3/25/2015,558.79,2144268,570.50,572.26,558.74
3/24/2015,570.19,2573339,562.56,574.59,561.21
3/23/2015,558.81,1639186,560.43,562.36,555.83
3/20/2015,560.36,2607253,561.65,561.72,559.05
3/19/2015,557.99,1192429,559.39,560.80,556.15
3/18/2015,559.50,2125596,552.50,559.78,547.00
3/17/2015,550.84,1800550,551.71,553.80,548.00
3/16/2015,554.51,1636083,550.95,556.85,546.00
3/13/2015,547.32,1697602,553.50,558.40,544.22
3/12/2015,555.51,1385657,553.51,556.37,550.46
3/11/2015,551.18,1815503,555.14,558.14,550.68
3/10/2015,555.01,1785438,564.25,564.85,554.73
3/9/2015,568.85,1059336,566.86,570.27,563.54
3/6/2015,567.69,1647702,574.88,576.68,566.76
3/5/2015,575.33,1385303,575.02,577.91,573.41
3/4/2015,573.37,1869830,571.87,577.11,568.01
3/3/2015,573.64,1696631,570.45,575.39,566.52
3/2/2015,571.34,2121542,560.53,572.15,558.75
2/27/2015,558.40,2402191,554.24,564.71,552.90
2/26/2015,555.48,2303785,543.21,556.14,541.50
2/25/2015,543.87,1820199,535.90,546.22,535.45
2/24/2015,536.09,1002313,530.00,536.79,528.25
2/23/2015,531.91,1453049,536.05,536.44,529.41
2/20/2015,538.95,1441147,543.13,543.75,535.80
2/19/2015,542.87,986623,538.04,543.11,538.01
2/18/2015,539.70,1448453,541.40,545.49,537.51
2/17/2015,542.84,1609871,546.83,550.00,541.09
2/13/2015,549.01,1876720,543.35,549.91,543.13
2/12/2015,542.93,1612310,537.25,544.82,534.67
2/11/2015,535.97,1372342,535.30,538.45,533.38
2/10/2015,536.94,1744529,529.30,537.70,526.92
2/9/2015,527.83,1263243,528.00,532.00,526.02
2/6/2015,531.00,1758422,527.64,537.20,526.41
2/5/2015,527.58,1843714,523.79,528.50,522.09
2/4/2015,522.76,1657900,529.24,532.67,521.27
2/3/2015,529.24,2032952,528.00,533.40,523.26
2/2/2015,528.48,2836638,531.73,533.00,518.55
1/30/2015,534.52,5588904,515.86,539.87,515.52
1/29/2015,510.66,4105168,511.00,511.09,501.20
1/28/2015,510.00,1677083,522.78,522.99,510.00
1/27/2015,518.63,1897347,529.97,530.70,518.19
1/26/2015,535.21,1538786,538.53,539.00,529.67
1/23/2015,539.95,2272098,535.59,542.17,533.00
1/22/2015,534.39,2662154,521.48,536.33,519.70
1/21/2015,518.04,2259477,507.25,519.28,506.20
1/20/2015,506.90,2222805,511.00,512.50,506.02
1/16/2015,508.08,2291530,500.01,508.19,500.00
1/15/2015,501.79,2710022,505.57,505.68,497.76
1/14/2015,500.87,2210623,494.65,503.23,493.00
1/13/2015,496.18,2365612,498.84,502.98,492.39
1/12/2015,492.55,2317278,494.94,495.98,487.56
1/9/2015,496.17,2063743,504.76,504.92,494.79
1/8/2015,502.68,3341935,497.99,503.48,491.00
1/7/2015,501.10,2053750,507.00,507.24,499.65
1/6/2015,501.96,2884479,515.00,516.18,501.05
1/5/2015,513.87,2049303,523.26,524.33,513.06
1/2/2015,524.81,1444809,529.01,531.27,524.10
12/31/2014,526.40,1367110,531.25,532.60,525.80
12/30/2014,530.42,873644,528.09,531.15,527.13
12/29/2014,530.33,2275392,532.19,535.48,530.01
12/26/2014,534.03,1037486,528.77,534.25,527.31
12/24/2014,528.77,704035,530.51,531.76,527.02
12/23/2014,530.59,2190993,527.00,534.56,526.29
12/22/2014,524.87,2722210,516.08,526.46,516.08
12/19/2014,516.35,3611980,511.51,517.72,506.91
12/18/2014,511.10,2910920,512.95,513.87,504.70
12/17/2014,504.89,2873600,497.00,507.00,496.81
12/16/2014,495.39,3946450,511.56,513.05,489.00
12/15/2014,513.80,2806300,522.74,523.10,513.27
12/12/2014,518.66,1982666,523.51,528.50,518.66
12/11/2014,528.34,1606381,527.80,533.92,527.10
12/10/2014,526.06,1716284,533.08,536.33,525.56
12/9/2014,533.37,1866851,522.14,534.19,520.50
12/8/2014,526.98,2324883,527.13,531.00,523.79
12/5/2014,525.26,2555642,531.00,532.89,524.28
12/4/2014,537.31,1389395,531.16,537.34,528.59
12/3/2014,531.32,1278091,531.44,536.00,529.26
12/2/2014,533.75,1521775,533.51,535.50,529.80
12/1/2014,533.80,2106865,538.90,541.41,531.86
